Unnamed: 0,prompt,top_comment,is_asshole,ytanta,validation_human,indirectness_human,framing_human,sample_id
3731,"WIBTA for not ending overseas vacation with my family early to go home to partner who’s family member died? My wife’s father is very sick and I have vacation planned with siblings and own parents. We don’t ever really go on holidays and my own parents are ageing and it is just the family no partners. 
My sister mentioned it would be unfortunate if I had to fly back if her father died.
I was confused as to why I would have to do that and my sister seemed pretty shocked I wouldn’t be there for my partner.

The way I see it is I couldn’t do anything here or there if he passed. If my partner asked me to of course I would, but if they didn’t ask I wouldn’t. 

I don’t really want to ask my wife for fear or the appalled reaction I got from my sister. If I ask her about it she will know I’d just come back because she asked not because I believe it’s the right thing to do.

WIBTA if I didn’t return from weeks long holiday to be with grieving partner?","YTA It’s weird to me that you went on a vacation with your family and excluded your SO to begin with. But if her father passes, yes, you need to go home and be with her! What do you mean by “there’s nothing you could do there?” You would be there for emotional support I would hope. Do you care about her at all? This reads like you don’t even love her. Certainly lacks empathy.",1,YTA,0.0,0.0,0,1860
748,"AITA for going through my brothers phone to try and find out what is wrong with him My brother (16) has not gone to school for two weeks and has missed 8 days in the 3 last weeks of the term before this term. I have recently learned that his grades are not as good as I thought, his highest grade is one 4, lowest is a U, and everything in between. (We are in the UK. 4 = C, U i think means ungraded/not attempted.)

My mum and I have tried every way we could possibly think of to help him, or to understand why he is struggling with going to school and why his grades are so low. He gives us nothing back, his answers to every question is “I dont know” or some other sarcastic remark. My mum is extremely soft with him because in the past, maybe 2 years ago he was depressed. Not clinically diagnosed, but he was hurting himself for a brief period of time. He didn’t respond to therapy. Then he all of a sudden he was as happy as can be, friends over all the time, confidence overflowing. Since then he gets away with EVERYTHING, with maybe a “stern” talking to, if anything, because my mum doesn’t want to be the reason he goes back to where he was. She was NEVER that soft with me (22F) but thats another topic for another day.

So since we tried talking to him, we tried asking him if there was ANY possible way we could help, we tried going to the doctors, we tried seeking help from his school teachers, we came  up with a week-by-week revision schedule with all three of us working together to improve his grades - he isn’t interested. nothing is helping the situation. 

I know that if my brother misses any more school, my mum will be fined or even sent to prison for failing to get him to school. He knows this too.

So AITA for snatching my brothers phone whilst he was on it and locking myself in my bedroom in order to try and get some information - maybe from his friends or his pictures or SOMETHING - to try and figure out what is bothering him so much that he’s too depressed to go to school? His reaction was obviously very negative. Our relationship may never be the same again. But i felt like i had no other choice. My mum and I wanted to help - we NEEDED to help, i felt like i had no choice but to do the thing that could very well break our relationship

but how am i meant to just let my brother fight his demons by himself. and what if he loses

TLDR: i took my 16yo brothers phone to try and find out what is making him depressed in attempt to help him as a last resort",YTA. I know you meant well but this is how you make someone never trust you again and it's a very big violation of privacy especially for someone who's closed off/struggling,1,YTA,1.0,1.0,1,353
2686,"AITA for not telling the wife of a stranger that my acquaintance is having an affair with their spouse? I know someone who is having an affair with someone who is married (they also have a child together.) This person posts about it constantly on social media, unbeknownst to the person cheating on their spouse They don't particularly care, because they don't have anything to lose. The other person could potentially lose everything if they were outed: family, career (the affair started as a result of career connections), reputation. I've been saving/screen-shotting evidence for a while to send if I ever decided to.

I've been grappling with telling the spouse...or just letting the guilty party continue to be a scumbag because I don't want them to lose their child. I don't have anything against my acquaintance- it's their choice to do this - but I'd think they were aware of potential consequences.

Thoughts, reddit?","Very light YTA. I see where you're coming from, but I'd want to know if I were being cheated on, and if you cheat, you no longer deserve a (good) reputation or a career.",1,YTA,0.0,0.0,1,1333
1838,"AITA For Being Angry at My Medical History Being Work Gossip? Here is the context:

I work in a place where there are pregnant women currently, all first-time mothers.  I get that they are all worried and scared of others around them.

Today I came into work and just have a little allergic reaction (not contagious) on my wrist from my FitBit band.  I just had my wrist exposed to the air since I put ointment on before work to let it dry.  Apparently someone saw it and since they know I had a reaction before asked if it was ringworm.

While it is in a circle shape, it is not ringworm.  I just shrugged and covered my arm and continued on my work day, was planning on cleaning my work station before and after my use anyway.

Just a little while ago, the assistant director called me at my desk expressing concern over my ""rash"" and wanted to know exactly what it was and if it was contagious.  She then told me to meet her halfway since she is letting me work my full shift and not telling me to go home, that I have the leave the building for my work break.

I am so angry, embarrassed, and upset at being singled out over this.  I thought I could trust people.  Guess this little naive moon child learned the hard way.  AITA??","Umm, I guess YTA? This seems like such a non-issue to me. 

When they asked if it was ringworm, why didn’t you just say “no, it’s an allergic reaction”?? 

There is an epidemic of people coming to work/school when sick with contagious illnesses, I’m not surprised they were concerned and wanted to know if it was something they could catch.",1,YTA,0.0,0.0,0,905
2603,"AITA - For not wanting a 3rd kid? My wife and I have been dating for 10 years married for 5 and we have 2 kids. Since even before we had our first one I always told her I want 2 kids and not more than that while she wanted 2-3. After our second was a few month's old we talked about contraceptives and what next steps to take. I told her I'd like to have a vasectomy but she suggested she takes a copper IUD and go for vasectomy after. I reluctantly agreed mostly because the IUD seemed safe.

&#x200B;

A year passes and one night she shows me a positive pregnancy test. I tell her how that is possible and her response is that we must have been very unlucky. I ask her if she's lost the IUD and she tells me it can't be and it must have moved up inside. A few days pass while we wait for the gynecologist appointment all while we mostly avoid each other because I got suspicious that she's trying to trick me. For this part I definitely am an asshole because it turns out the IUD was still inside her and I apologized for that.

&#x200B;

Problem is now what to do with the kid. I told her that we agreed on having 2 kids and that while she was watching our 2 kids and I was the only working part that our savings where hurting a little bit each year. Still enough for 3-4 months rent but if it would go on another 4-5 years we would definitely be in a tough spot. Also I was done with having kids... I was perfectly happy with 2 and just didn't want more. Risking our integrity and forcing our 2 kids to share what we have with another sibling seemed unfair to me.

&#x200B;

Now before I go on with the next part I'd like to tell you a little bit about us. We've been boyfriend and girlfriend since we were 15 years old. Both never had a partner before and we agreed with one another with every major decision ever since. We almost never had any really bad fights so this turned out to be our biggest one ever.

&#x200B;

Nothing that I said seemed to be able to sway her. No logical argument worked. It was like talking to a different person. She said that having an abortion is a horrible experience and that she doesn't want to go through that and that it was her body and her decision to make. Bam.. just like that I'm demoted to a joke... can't leave her because I want to keep my 2 kids - don't want to stay with a person that decided I don't have a saying in this at all. Fast forward a month and I calculated all possible outcomes for this and the only really noteworthy thing to mention is that the kids would loose the most no matter what and I did not want that.

&#x200B;

The number of people of friends family and co. in support of her not going through an abortion outnumber my support for not forcing me to raise a third kid I don't want and risk my family's integrity by 10:1. All this happened about a year ago.

&#x200B;

Now I turn to Reddit.. AITA?

&#x200B;

TL;DR

Wife gets prego 3rd time. I don't want 3 kids - happy with 2. AITA?",[deleted],1,YTA,0.0,,1,1289
2565,"AITA for telling my roommates their friend/boyfriend can't come over everyday? I'm currently in college living in a dorm, I have 2 other roommates for a total of 3 of us living in a tiny single room. I'm not the most sociable person, so I usually just leave the dorm all day when my roommates have friends over.

I HAVE tried to socialize with them and spend time with them, they are my roommates after all. I find that they talk for ages, but when I speak up, they look at me awkwardly and either say nothing or hesitantly laugh. I don't say things out of turn and I stick to the topic (example: they were talking about Marvel after seeing a commercial for a new show Chris Evans will be in. I chimed in saying 'Oh that's so weird to see him as anything other than Captain America!'...and they just kinda awkwardly looked at me without a word.) 

Since the beginning of the semester, Roommate A has had her boyfriend (Cam) over nearly every single day, up until visitation hours are over (12 am on weekdays, 2 am on weekends). Cam is very good friends with Roommate B, and if he doesn't come to the dorm with his girlfriend, Roommate B brings him along instead. He even has his own pillow and blanket here and he takes naps on the couch. 

Yesterday, I was in the dorm after working and was getting annoyed as I hear the 3 of them complain about a professor for 30-40 minutes. Right after they finish, I said I needed to talk to them all for a second.

Silence, no reply from any of them until I ask if its ok. A quiet ""sure"" from Roommate A,  so I continue (in a monotone voice) and say that Cam can no longer be here everyday, it bothers me, he is not my roommate. Please have him only come over on Thurs/Fri/Sat/Sun.

Silence again except now Cam just gets up and packs up without a word. I say he can stay since it's already 10pm. He replied in a shaky voice, which surprised me. I think he was mad. He mentioned something about having things to do anyways. Still silence and I had to urge a reply from the others.

Roommate A eventually says ""sure we can figure something out."" Roommate B says nothing still until I address her by name and she snaps back a reply ""he's just my friend I don't really have any say if he's in the room or not.""  She has complained to me about him being there too often and she's tired of it and yet she brings him here.

They all left immediately after that with no more words to me and I just felt so bad and guilty to drive all of them away like that. AITA?","YTA. Sorry, OP. It's the way it was brought up - you could have pulled the roommate who is dating the guy aside and told her this. This embarrassed the guy, made him uncomfortable, and put him on the spot in front of everyone.",1,YTA,0.0,0.0,1,1273
1910,"AITA for telling friend there's more to the world than getting married and having kids? My friend (22f) and I (28f) 

have grown up in opposite homes. she bounced around in foster care and relatives houses and I had a traditional 2 parent home with siblings. since knowing her she has talked about getting married someday and having kids like that's one of her biggest goals in life. Right now she's single, in uni working towards a nursing degree with a minor in psychology. she wants to be psych nurse. sometimes she'll say shit like I don't know if any guy will be desperate enough to date me but I can hope lol or  just stuff about not finding someone and not having a family. she's only 22 which I remind her and tell her as an independent woman whose getting her own place and will be finishing school soon I'm happy with my choice. idk what started it I think I was complaining about my siblings and how he parents my nephew. she mentioned about how she wanted to raise her future kids and the convo went kind of like this:

her: I want to do this with my kids (blah, blah, blah)….if I ever have any, hopefully

Me (a lil annoyed): Dude you're 22 stop acting like you only got a year to do all that

her: sorry, it's just not having a family as kid I just wanted one of my own and I'm afraid I won't get that

Me: well I can tell you having a family isn't all it's cracked up to be, it's a lotta work and stress sometimes. And there's more to world than getting married and spreading your legs a few time

her: I mean that's also why I go to school...

it got quite after that and she left. was what I said assholish?",YTA. People are allowed to have different goals in life than you without you putting it down. “Spreading your legs a few times”. Needlessly demeaning and crass.,1,YTA,0.0,0.0,0,938
3488,"AITA for ignoring reserved parking signs at super markets? So this one is pretty stupid I apologize. I work in food and bev distribution which means I visit several grocery stores daily. I began to get annoyed when I noticed they all seem to have reserved parking for just about everybody. Shop from home customers only, veterans only, expectant mothers only, mothers with small children, etc. Now with the exception of handicap parking, I decided these were all bullshit and cheap pr stunts, and thus started parking where ever I found a spot. These spots are nearly always open and noone seems to miss them.

A woman finally called me out for parking in the pregnant woman spot to which I said ""ok"" and basically ignored her. Now I know I'm the asshole here I guess, but am I correct in it not being a big deal and a bullshit pr thing, or am I really just A total dick?","YTA. 

Shop from home: they're just picking it up, quick in out. Reserved spot is like for curb side pick up. 

With young children: It's a safety concern to have young kids running around a parking lot as their parents have lots of groceries and can't always hold onto them. 

Pregnant woman: really dude? This is self-explanatory. You carry a fetus and see how much you like walking around. 

Stop trying to be an edgy dick. ",1,YTA,0.0,0.0,0,1731
140,"AITA for not inviting a classmate to my party and lying to him about his invite? For some context I go to an international school so my class is quite small and close knit. As a result, there aren’t any clear cut social groups in our school but they do somewhat exist. There’s one dude in our class who isn’t really friends with any of us and he’s been trying extremely hard to get into our peer group so he can get invited to parties and seshs. He’s not a bad person or a dick but he is obnoxiously overbearing 24/7 while being a massive FOMO (fear of missing out). A year ago, our class went on a school trip overseas and this dude tagged along. He annoyed the **** out of me and my mates the entire trip, constantly trying to insert himself into our conversations and barge his way into our hotel rooms to join into the card games we were playing. It got to a point where I personally told him at the airport to “f*ck off and stop being an annoying c*nt” making it clear to him that we didn’t want him in our group.

Recently, one of the girls and I hosted a double 18th, inviting most of the class except for this kid. Both of us strongly didn’t want him to come, since we knew that him being drunk would amplify his obnoxiousness. Some of my mates told me that it would be a dick move if I invited most of the class but not this kid, however, I was adamant in this decision stating that I absolutely had no obligation to invite him. He pissed me off even more when he spoke to one of my mates to convince me to invite him proclaiming some bullsh*t about “setting aside our differences because I don’t want to miss out”. This along with the fact that he didn’t even invite me to his own 18th (I wouldn’t have gone even if I did receive an invite) finalised my decision not to give him the green light.

This brings me onto the situation, I was discussing the party in class a week before it happened and the dude was eavesdropping on the entire conversation. Suddenly he asks me if he was invited and I sorta muttered something about “lemme see the list and I’ll add you to it” bs. I didn’t invite him in the end and carried out the party with my class. Am I the asshole in this situation?","YTA for telling him you would invite him and not inviting him.  If you don't want him there, just tell him no.",1,YTA,0.0,0.0,1,65
2669,"AITA for pushing my girlfriend to go further sexually after promising not to. Context: Around a week ago, my girlfriend and I met up and she was in a 'weird mood' (her words). She told me that she didn't really want to do anything sexual that day, and, despite that, I kept trying to ask her and push her towards doing sexual things. Obviously I was the asshole in this situation and I have no doubt in my mind about this. There are more details, but the important takeaway is that I didn't respect her desire to not engage with what I was wanting during that moment. As I touched her I kept asking if she was okay with it, because deep down inside I knew that she wasn't really into it, and so I kept asking her whether she is okay with this or not and she kept saying that she was fine with it, and eventually she said that she wasn't and I immediately stopped right before any clothes were removed. I realized that what I did was wrong, as I was aware the entire time that she was not into the experience despite the mixed signals, and I apologized to her, to which she was so unbelievably amazing, forgiving, and understanding that I was taken aback. She instantly forgave me and told me that she doesn't blame me for anything. Because of this, I made a special promise to her that I will make it my absolute priority to never, ever do anything like what I did that day ever again, and told her that I owe it to her to uphold that promise because of how well she has treated me (I would have made this promise even if she had not been as forgiving, obviously, but because of how understanding she was I made sure to tell her about how much I owe her and how much I appreciate her kindness).

&#x200B;

However, after this, a similar situation happened again. The exact details of what we were doing aren't important, but I was pleasuring her and it was very obvious that she was extremely into it and was having potentially the most enjoyable sexual feelings of her lifetime. We took a short break, and I asked if she wants to go further (e.g. do something sexual which we haven't done yet - we are working our way up towards 'more' sexual things, going from shirt to skin, feeling to seeing, etc. We are both Christians and do not wish to have sex before marriage), and she said that she wants to, not now, but in a month's time, as she isn't ready yet. I asked her if she wants to go further in another way, and she said that she will want to soon, but that she isn't ready to do that yet. She then said that we can move to the next level tomorrow, instead of in a month. I then asked if we can go further in a very small way just quickly today before we take the bigger jump tomorrow, and she said okay. We did, and it ended up going much further than just what I suggested as the small thing, and it was in every way a positive experience.

&#x200B;

Today, I asked my girlfriend whether I had broken the special promise that I had made to her - the promise that I owed it to her to keep. She told me that I hadn't at all because she said yes, but I said that I feel like I have, because she said no multiple times, and each time I asked her if she was sure and if there is no possibility that she doesn't want to do something else. While ultimately there was no harm caused by my actions, I believe that I may have violated a trust with my girlfriend. She had not thought about / realized that I have possibly broken my promise until I brought this up to her.

&#x200B;

Once I realized this, I immediately thought that I am the asshole. However, the idea that I kept to the spirit of the promise, just not the exact wording of the promise, came to my head quickly; in the first example, it had a strong feeling that she did not want to continue, despite her stating that she did. This feeling turned out to be correct. In the second example, I had a strong feeling that she did want to continue, despite her stating that she didn't. This feeling also turned out to be correct. Therefore, I kept the spirit of the promise - I did not put pressure on my girlfriend to go further sexually when I could tell that she did not want to - but I may have broken the wording of the promise. Both my girlfriend and I currently hold the opinion that I kept the spirit of the promise, and there is no dissent between us.

&#x200B;

The reason why I'm posting this here is because I am worried that I am a manipulator without being overtly aware of it. I feel like I am too controlling and manipulative over my girlfriend sometimes, and I worry that I brush these occurrences away via the means of mental gymnastics, as demonstrated in the paragraph above.

&#x200B;

Am I the asshole for pushing my girlfriend to go further, breaking the promise I made, or am I in the right, as I kept to the spirit of the promise and did not try to make her do anything that I knew that she did not want to do? Also, is my justification of my actions an example of manipulation, or is it simply a legitimate way of thinking about a situation in which I was not quite at fault?

&#x200B;

PS: my girlfriend knows that I am posting this because I am worried that I am manipulative, and she will be reading the comments too. ","YTA, this all sounds really manipulative yeah. Just to be clear that the -special promise I’ll never force you sexually- isn’t some special thing you’re doing as a boyfriend, that is a rule, and a law. Putting it the way you do sounds manipulative, like you want her to think you’re a good person for not assaulting her in the future again. The way you are over analyzing everything and explaining it here is a little off putting, too. If your question is “Am I manipulative?” My answer is yes. And mental gymnastics is a great way to put what you are doing.",1,YTA,0.0,0.0,0,1323
125,"AITA for not washing my wife’s coffee dishes? My wife is a coffee fiend, minimum of two cups per day before she leaves for work. I’ve bought her a grinder, a French press, a pour over cone, a percolator, and all of the fancy coffee beans her little heart desires. I, on the other hand, have an extreme sensitivity to caffeine and therefore avoid coffee like the plague. Literally have never tasted coffee and likely never will. 

My wife and I take turns doing the dishes. Invariably there are dishes related to her coffee drinking every single day. Given that I don’t, and never will, use any of these coffee-related items, I don’t wash them. I leave them in the sink for her to wash when it’s her turn to do the dishes. I will certainly wash mugs that she used and put them in the dishwasher, but cleaning everything else is tedious and time consuming. 

My wife feels as this is inconsiderate as we share household chores, however I feel as though this is something directly related to her it should be her sole responsibility. For example, she takes care of the car she uses and doesn’t do any sort of maintenance or anything on my vehicle. 

So Reddit, AITA?


Edit: Many have brought up laundry as an example of a shared chore. We do our laundry completely separate. She does not wash, dry, fold, or put away my clothes nor I hers.","Nah? I never understood why some couples are so tit for tat, its like a lawyer has written the rules of the relationship and no one is allowed to overstep their rules it must be 50/50. No You're not an asshole for not doing them, but if they're right there, and you're already washing the dishes, I just find it weird.",1,YTA,0.0,1.0,0,56
2612,"WIBTA if i didn't help pitch in for our road trip car maintenance ok, so last week I and 3 other friends went on a road trip to from New Mexico to Californa and along the coast. We split the gas 4 ways and everything was great! Then in San Fransisco, my friend's car brake line broke. We took it to a shop and they fixed it the total came out to 250 because it was just one line. The trip was a total of almost 3,000 miles, the owner of the vehicle wanted to split the cost so WIBTA if I didn't pitch in?","YTA. 

3,000 miles is a significant trip. The repair was pretty inexpensive, significantly less than if you had to figure out another way home.",1,YTA,0.0,0.0,1,1292
2261,"AITA for not thinking misgendering someone is the same as using a racial slur? Long story but worth the read. There’s a recent meme that’s been blowing up on the internet lately of a transgender women who goes into GameStop and the cashier says sir instead of mam, which the transgender female doesn’t like. She (he) decides to kick stuff around (games), yell and demand that the cashier call him a her. In a customer service setting, it’s both respectful and a way to keep a customer but the other customer asking her (him) to relax got the transgender women upset, starts kicking stuff more violently and I believe even threatening the both the customer and the worker. I say this all because someone posted on fb that it’s never ok to misgender someone and that she (he) is a meme because they are transgender, which I felt it’s more the way she (he) acted. We got into a fb argument and the person who posted it explains how I’m transphobic if I think it’s ok to “pick and choose” when to respect ones pronouns. All I said was, if I were threatened and treated disrespectfully by a trans person, I would misgender them. Which got her super pissed and told me she was very offended. Look, I believe in respecting people’s pronouns but if they are being the asshole to you, threatening you or being hateful to you, you shouldn’t have to respect them as they aren’t respecting you. So I told her that and she goes on to say that misgendering someone is the same as being racial to someone, which I think isn’t true. Being a raciest and saying someone’s assigned gender are not the same in my eyes, especially when it’s said by someone who says she identifies as “various genders and no gender all the same time”. She then calls me a female (I’m a guy) since she feels I didn’t respect the transgender females gender, which is hypocritical as she literally told me that you don’t get to pick and choose what to call someone under any circumstance. I just believe to let live, if someone wants to call themself something, you should respect it but if you choose not to, it’s rude and shouldn’t happen; but it shouldn’t be the same as calling someone of color a racial slur. So now that you read all that, please tell me; Am I the asshole? ","YTA YTA YTA. Would you start calling a cisgender female 'he' if she pissed you off? No. So treat trans people with the same respect you allow every other human, and be a decent person. You are so blatantly transphobic that I'm inclined to label this SHP. ",1,YTA,0.0,0.0,0,1118
1217,"AITA I don't want my husband's Aunt in my car... My husband's Aunt weighs in at, give or take, 300lbs. I have a 2014 Chevrolet spark and the max weight limit on it is 600lbs. My husband wants to go see her due to some recent health issues which I have no problem with, as long as she doesn't get in my car.
 Their combined weight would be around 500lbs, it's the only vehicle we have and I don't want to risk the car breaking due to the extreme weight on one side. 
My husband is angry with me because when he asked what he is supposed to do in case of an emergency and I answered with ""call an ambulance"". His Aunt is on a limited income and he said she couldn't afford an ambulance ride. I still don't want her in my car...AITA?",YTA.  There is no way this is going to damage your car.  Cars are constantly used with uneven weight distribution.  My husband weighs 215ish pounds and constantly drives around by himself.  Those weight limits are very likely to be EXTREMELY conservative.,1,YTA,0.0,0.0,1,584
787,"AITA for expecting my wife to do more of the housework because I bring in more income? The title is essentially it in a nutshell.

My wife and I have been married for 4 years and have 1 kid and this is a constant disagreement. I make almost 4x what she does. I'm not saying she has to do 4x the chores, but am I an asshole for expecting her to at least be the ""management"" and keep track of everything, as well as being the one to take on the bulk of the child work and housework? If not for me, she couldn't keep the roof over our child's head or food in his mouth. I am funding almost the whole operation, so I believe she should be contributing in other ways. AITA?

I work more hours than she does.

You are all acting like rabid dogs and jumping on things I never said. I never said I do nothing. I never said I don't spend time with my child. All I said is that I want her to do more than me without complaining/fighting every step of the way. That's it. You're all projecting to outrageous extents.","YTA

if you’re working equal hours, you share equal responsibility in the home. Because it’s your home, and your life. Your income does not enable you to treat your wife as an employee because you “fund” most of your life together. INCLUDING the care of your child. Talking about your child like your wife should be grateful your money allows her to provide for him. If you weren’t married to your wife, that child would still be YOUR responsibility to clothe, feed and protect. 

If you’re really making sooooo much more money, get a maid. Jiminy cricket. ",1,YTA,0.0,0.0,0,374
588,"AITA for calling someone autistic? So background knowledge, a year ago I was being tormented by people calling me gay & mocking me. I was in a generally bad mood. One day I called someone and his friend autistic because I was in a bad mood and he was pissed. A year later he started talking about it to other people to (presumably) make me look bad. I wanted to apologize and try to explain my actions but he said that he still holds a grudge against me. His friend also called me the devil for mocking him. Is this deserved?",YTA. They're also assholes. No one here looks good.,1,YTA,0.0,0.0,1,275
1540,"AITA for telling my sister that she doesn’t eat enough? My sister Lily has never really been interested in food. She always ate, but barely anything. My parents were never worried because she wasn’t underweight, but she wasn’t far from it. 

Now, Lily has started intermittent fasting. Usually, she has a breakfast bar, an apple, and tea in the morning. She doesn’t eat lunch. Then she’ll have something like soup and sometimes a main dish. Like tonight, she had miso soup and cauliflower fried rice. Last night, she had some kind of bean soup and baked apples. I just don’t think it’s enough. 

I’ve tried talking to her in the past, but she usually just laughs me off. This time, though, Lily got really upset. She said she would “literally schedule a physical and let you come, just to shut you up.” 

It’s really awkward now. I think I heard her on the phone saying that I was being “nosy and annoying again.”",[deleted],1,YTA,0.0,,1,746
259,"WIBTA If I give a student that sits in front of me deorderant? So I am a college student and in one of my classes, there is a kid that sits in front of me that absolutely reeks of BO. Now, somedays its better than others, but at this point at least half of my classes I have spent trying not to breathe or hiding my nose under my shirt because he smells so terrible. I can not emphasize how strong and pungent his odor is. Now before anyone jumps the gun I am 99% sure that the guy is not homeless because he constantly has new clothes and has multiple pairs of Beats by Dre. I can not simply change my seat because the class is almost completely full, so at the moment I am stuck in BO hell. The semester is almost over but I can't take it anymore. So if I meet up with him before or after class one day and give him some deodorant, will I be the asshole? I really want to help the poor guy for both his sake and mine.","YWBTA if you hand him deodorant. That's patronising and humiliating. If you were to take him to one side and mention his smell, as nice as you can, and advise deodorant,  then YWNBTA",1,YTA,0.0,0.0,1,128
3313,"AITA for being upset about a friend drinking a bottle of vodka that was a gift to me? A client of mine bought this bottle for me as a thank you gift. I went out of town and my friend who is house sitting for me, decided to drink it without asking and just said that they will replace it later. They say that its petty that I'm upset about it and that I wouldn't have known any different if they hadn't told me they drank it and just replaced it without my knowledge. 

AITA for being upset? 

WIBTA for saying that I wont have them house sitting for me in the future?



EDIT: This is a fairly easy bottle to replace.

EDIT: It has been 4 days and I received a message from the friend informing me that it was empty and would be replaced by the time i got home.","Edit (based on additional info from OP): YTA 

~~NTA~~, unless you told the friend they could eat/drink whatever they wanted while house sitting.",1,YTA,0.0,0.0,1,1646
3716,"AITA Sending a meme to my friend who has crash on me? I sent a meme to my friend with text ""This could be us but you keep fucking praying"".  I sent it becouse the image is pretty good looking and i thought he'll like it. I know that he is in love with me and we talked about it 2 days ago. He said that he was hiding it for bout 2 years and i kinda knew that he wants something more but i thought he can handle it. I said that i dont feel the same and we wont be together but i want to hold our relationship on the same level. He asked for the reason why i sent it to him and that he doesn't understand. Am i the asshole for his wrong interpretation of simple meme? I mean i just wanted to share it becouse it looks cool.

Here's a meme: https://imgur.com/a/7pB8V5a

","Oh definitely YTA. You should’ve known how a meme like that might be misconstrued, either as your own confession of attraction or as somehow making fun of his confession. You need to apologize immediately. ",1,YTA,0.0,0.0,1,1852
1395,"AITA for not being there for my friend? Edit: people keep saying I should not have gone to the party if I knew I had the bridal fair the next day. I wasn't sure if I would be able to go the next day, and Becky and I decided together to go to the party that night before. Like texting back and forth to make sure the other was going so that we could share an uber back together because we knew we would be drinking. At the party, Becky again asked me to go and I agreed while drunk on the toilet. I had only said maybe before, if my work called me off that night. I usually sleep during the day because I have to be up from 7pm-7am for my job. I cant just sleep the night before and stay up all day and then remain up all night. I have to get sleep beforehand. 

So, my best friend is getting married in 10 months. Let's call her Becky. I'm her maid of honor. Its exciting and I'm really happy for her. I've never been a maid of honor before though. I'm struggling with this situation so far:

So Becky has already picked out her dress and decided on bridesmaid dresses. We spent an entire day shopping in a city an hour away and deciding on these things. 

Since then, she has invited the other bridesmaids and I to go to 2 events with her. The first was a florist visit last month so she could decide on the kind of flowers she wanted for the wedding. I originally said yes I would go, but then she had to change the date of the appointment to a day where I had to work. So I didnt go. 

The second event was yesterday. 3 days prior she had told me and other bridesmaids about this bridal fair she wanted to go to, and asked if we could go. I told her I would have to see how things went because I worked that evening. The event would basically take most of my sleeping time. But whatever. 

Saturday night comes along and Becky and I both get invited out to a birthday party of a mutual friend that night. We both had off, and we would see some good friends which included the other bridesmaids, so we all went. Everyone got wasted, most people not making it home before vomiting. I had a good time, things felt good. At the party, Becky asked me again if I would go to the bridal fair the next morning. She begged, saying only a couple of other older family members were going with her. Drunk me felt like Superwoman, so I said sure. Everyone got drunk af and went home. 

I went home at 2am, woke up at 5am with a splitting headache and a shit ton of stomach pain. I took ibuprofen and tried to get comfortable enough to sleep. No go. I chugged water. Still felt like shit. Now its 8am and I am extremely nauseous. I hadn't drank alcohol since 1am, I thought I had escaped nausea. My boyfriend was really worried I had something else going on because of the amount of pain I was in, and wanted me to go to the hospital, but I'm in the medical field so I felt like I knew when I would need to go to the doctor. I couldnt sleep still. It was 9:30am. The bridal fair was supposed to be at 11. I texted Becky to tell her I wasnt going to be able to go. I felt like complete crap. I apologized. 

I finally vomited, passed gas, and the stomach pains/nausea started to fade. It was 11:30. Becky had opened my message but not responded. I finally was able to fall asleep. At 1pm I woke up to a message from Becky, saying she was extremely disappointed in the fact that I wasnt there for her with the wedding planning. She said I never went to events with her and she would just have to learn to ""lean on"" someone else instead of me. 

I'm like...what? I spent a day with her picking out dresses. I am actively planning an expensive bachelorette party because she wants a destination one. I feel like I'm doing what I'm supposed to do. It has just been shitty timing for the other stuff. I told Becky this, she said it doesnt change the fact that I've let her down and been a disappointment to her. She then went on to say she doesnt accept my reasons for not going to the bridal fair (extreme nausea and pain). She said every other bridesmaid had messaged her the same thing and she expected more. 

I just... I don't know. In my family, you did not have the maid of honor or bridesmaids do shit like this. They help with bachelorette parties and stuff like that. It's just weird to me that Becky seems to expect this much of me and the other bridesmaids. Is this normal though? Am I being an asshole? 

Tl;dr bride is mad that maid of honor and bridesmaids cant make it to florist meeting and bridal fair. AITA for not being there?","YTA - in the case of the bridal fair. Completely your own fault for getting drunk the night before, making yourself ill, and agreeing to go. You also say you were working the evening of the bridal fair and going to the fair would impact on your time to sleep? If you were meant to be sleeping don't go to a fucking party and get wasted the night before then.

For the florist that's not on you. You already had work scheduled.

She might be expecting a lot from you, which you should talk to her about if you don't think it's normal, but I still think YTA for the bridal fair situation.",1,YTA,0.0,0.0,1,674
3349,"AITA For Wanting a Say in My Son's Funeral Plans? My adult son passed away this weekend. It was sudden and unexpected. We are all doing what we can to cope. Unfortunately the saying that death brings out the worst in people seems to be ringing true. 

The relationship with my Daughter In Law has imploded in a mere 36 hours. There has been an argument over what we should do regarding funeral arrangements. 

DIL has insisted that there will be no wake, no funeral, no burial - we won't even be getting cremations remains back to spread as she has chosen to have his whole body donated. 

This is against our entire side of the family's religious and traditional beliefs. 

We got into a heated argument over it. I offered to pay for everything and do the planning. She told no and when I insisted she told me it was legally her right to decide what to do with my son's remains called me an asshole and hung up. She hasn't been answering any calls or texts from our side of the family since then.

AITA for insisting we have services and bury my son in our custom?

EDIT: My son and I never spoke about what he wanted to happen if he died (he was only 34), but he was raised Catholic and was still practicing at the time of his death. My DIL is an atheist.","Man this is gonna hurt... And I'm sorry for your loss but there's a very good chance YTA in this situation. Unless you've recently had a talk about what he would want, she probably has a better idea than you do. 

I hope you plan your own service to honor him, but it really is up to his wife what to do with the remains.",1,YTA,0.0,1.0,0,1664
3964,"AITA for insisting on giving someone, who I thought was my friend, a gift? This situation happened roughly 7 months ago, but I recently discovered this subreddit, and I thought it would be interesting to go back and reassess if anybody is the asshole here. This is also a throwaway account because I’m paranoid. 

I was friends with this girl who I met in 2016. She was the lead actress in a high school musical I was stage managing. Long story short, by the end of the show’s run I told myself I was in love with her. I boldly asked her to go out with me, and I was denied. I was bummed, but I was still happy I mustered up the courage to ask her. I hadn’t done something like that in a while.

Fast forward to 2017, and we still kept in touch after the show ended. I remember hanging out with her and other mutual friends at a 4th of July celebration. This made me really happy because it was the first 4th of July I spent with friends instead of with my family. Saw her in 2 other musicals she was in in spring 2018, met up with her during prom weekend, and she even invited me to her 18th birthday in July. 

After that, our friendship just fell apart so suddenly. I tried to meet with her before she moved to college, but my plans fell through. Then, this exchange of messages happened in December (see the Imgur album here - https://imgur.com/gallery/M80ZaOL). I took these screenshots in a different time zone (originally EST) so everything is off by 6 hours.

Between when she leaves me on read and my next text, I consult 3 of my closest friends for opinions on my situation. All 3 know her, but not enough to call them their friend. The consensus was that they all found it strange how even though we were good friends, she still refused to see me and accept my gift (a sweater and a formal dress. She had no idea what the presents were beforehand.) 1 of them suggested that my friendship with this girl was affected by her choice to “start fresh” in college, letting go of past friends in favor of making new ones, which I understood could happen, and it’s nothing personal. With this in mind, I texted her what can be seen in screenshots 4-7.

Huge blow to my self-esteem, and I thought I was over it, but here we are. 

Some questions I had at the time (and I suppose still have):
- Was it rude for her not to accept my gifts considering what they stood for? She wasn’t the only one I bought gifts for, and the others were happy I thought about them during the holiday season. Mind you, this is also the first time I’ve actually bought gifts for people who weren’t in my family.
- Was it too much of me to bring up the “shadow blocking” incident? In the moment, I brought it up because I wanted to call her out on her shady behavior. Should I have kept that information to myself?

I’ll try to respond to everyone’s judgments when I wake up in the morning. Hopefully I can close the book on this one once and for all.","YTA.   Honestly you come off insane in this text exchange.   You just keep pushing and pushing.  

Learn how to read the room.   It was pretty obvious she didn’t see you as close of a friend as you did.   She shouldn’t have to literally spell that out for you.",1,YTA,0.0,0.0,0,1981
2194,"AITA for getting mad at my best friend for helping my ex girlfriend Okay so I dated this girl for a solid amount of time to a point where she became close friends with all of my friends. She was my first love so when the relationship ended, I took it really hard. I still have feelings for her even though it’s been 8 months since we broke up and have had trouble moving on. Like I said, she became friends with my friends, especially my BEST friend. My best friend, let’s call him Alex and my ex girlfriend, let’s call her Celine, have become really good friends, which I’m happy about. 
After the break up, Celine had a SUPER tough time but I was happy that Alex could be a good friend to her since i obviously couldn’t (since we were broken up and we agreed to keep our distance). 

Celine and I met up a few times in the last few weeks and we both expressed that we have strong feelings for each other but due to certain reasons, we shouldn’t date. So we’re both still really sad over the break up. However, i recently found out that Celine flew 4 hours on a plane to visit another guy. This fact alone bothers me, but obviously we’re broken up, I have no right to be upset about this. 
I am upset that my best friend Alex has been encouraging her to go and when I asked him about it, he was super vague, rude, and harsh about it towards me. This made me get angry at him. Alex is my best friend, he’s my bro, why is he encouraging my ex girlfriend, who he knows I still have feelings for, to have sex with other guys? He’s always the friend I trust and talk to the most, but I kinda feel betrayed. 
So am i the asshole for getting mad at Alex?",YTA. They’re friends. She isn’t your girlfriend. He isn’t telling you details because he is respecting their friendship. It is none of your business. She can do as she pleases.,1,YTA,0.0,0.0,0,1083
3856,"AITA for wanting to play my GF's Switch?  

Ok, a bit of background my gf and I have been dating for 5 yrs and we get along well. so my gf got a switch from her uncle a while back, and when she got it she said that I would be able to use it when she's not using it so long as I ask. Fair enough. She has let me use it most of the time, but recently she's playing this game a lot and doesn't close out and save at all when she's not using it. So when I ask if i can play it because I see she's not using it. She always tells me no even if she's not using it, she said it's too much to close out the game because she would have to restart her level. I can't even play it when she's not home because she still has the game up and if I close out of it she'll be pissed. It makes upset because she said she'd share, but doesn't. She says I should just get my own, but I don't see the point. I wouldn't play it a whole lot. Which is why I ask to use hers. She gets annoyed when I ask , but I get annoyed because I feel like I've been lied to. Would it kill her to share with me?

AITA?",Jfc. YTA. Grow a pair and buy your own switch. You’re not 5 so stop acting like you’re entitled to other people’s toys.,1,YTA,0.0,0.0,0,1922
201,"AITA for not wanting to go with my wife on her work trip My wife is getting sent to Japan for a sales trip. Don’t ask me why, her company has sent people like a million times and they’ve never bought anything. 

This trip is longer than usual, 5 days rather than just 2 or three, so 7 if you include flights. Not all of those are work days, for some reason it’s conferences for the first day, two days off, then two more days of work. 

My wife wants to turn it into a vacation since she’s going to be there anyway, and extend the trip by a week and bring me. I have very little desire to see japan, my only knowledge of japan comes from video games, and they didn’t interest me much. I’m happy to go on vacation with my wife but japan is not my ideal destination. 

My wife is saying that she’ll be lonely for 7 days with only work people, and that we need a vacation anyway. I told her I don’t want to go to japan and we can plan a separate vacation, but I don’t want to go with her on the work trip. 

She’s calling me a stick in the mud and saying I’m not supporting her in her job, I just don’t want to go to japan. AITA?","YTA

I'm gonna get on my high horse for a second... You're not TA merely for not wanting to travel... It's mainly for sounding so ignorant in the process... 

>""I have very little desire to see japan, my only knowledge of japan comes from video games, and they didn’t interest me much.""

You sound like precisely the person who needs to get outside your comfort zone and learn about another culture. Maybe it'll change your life. Maybe it won't -- but your GF is going to leave you behind for being a stick in the mud if you don't expand your horizons a bit.",1,YTA,0.0,0.0,0,99
2385,"AITA for laughing at my boyfriend when he cried during a movie? I have never seen my boyfriend cry, or even shed a tear even after a death in the family, or pain in the 4 years we’ve been together.

So I was at my boyfriends house and we were watching Marley and me and he cried at the end, not cry but a few tears. I laughed and said aww the movie made you cry? I wasn’t trying to make fun of him but I just thought it was funny a movie set him off when he didn’t even cry when he broke his back.  He was furious and told me to go home, he won’t reply to his texts now. AITA?

TLDR; my boyfriend cried at the ending of Marley and me and I laughed, he won’t reply to my texts now",YTA. Comments like this is why it’s hard for men to open up. We live in a society where men are taught to be tough. You laughing at him in his most vulnerable time is pretty shitty.,1,YTA,1.0,0.0,1,1179
1962,"AITA For not wanting my boyfriend to text his ex? A little context boyfriend is 21 and I'm 19. We have been dating for almost 3 years.

His ex randomly texted him for relationship advice because she ""thinks it's turning into the same relationship that they had"". 

A little more context they were together for about a year, it was long distance relationship, and my boyfriend was very controlling with her. He asked her not to go to parties (even if they didn't have alcohol), asked to skype him instead of hanging out with her friends (isolating her), and all around was very needy. He would message her obsessively and if she got home a few minutes late from school he would bombard her with questions asking where she was and why it took so long for her to get home ect. She broke up with him with no warning blocked him on all social media and didn't talk to him for 4 years. 

He saw that she unblocked him on instagram and asked me if it was okay if he messaged her to get closure. I said yes, because it would make our relationship stronger and he could finally stop wondering why. 

She told him that he emotionally fucked her up for many years so much so that she needed therapy. He apologized up and down because he didn't realize just how much he hurt her. She said that she was in a happy relationship and thanked him for his apology.

After they finished talking for about 3 days here and there i asked my bf to stop messaging her if he got closure because it makes me uncomfortable for them to be talking. We got in a huge fight. His argument was ""what if I need this, what if its helping me get closure and maybe by being her friend i can make it up to her"".

I made the dumb mistake of saying that it is okay for them to text as long as it isn't very often, but even so when she texted him about relationship advice a couple months later, and comparing her current relationship to theirs just rubbed me the wrong way.

I just am not comfortable with him being in contact with someone he was in love with/had sexual relation with. AITA?","YTA - I say this with kindness because you can't help how you feel, but trying to interfere makes you controlling instead. You're putting your own relationship on the rocks for someone who he no longer has feelings for, lives far away, and is in a committed relationship. 

I would be very wary of a partner that tried to curtail my friendships with people I used to be involved with, not because I want anything, but because it denotes a lack of trust and emotional maturity. 

Also, there's been a post just like this but from the other perspective, did you guys decide to post to AITA together?",1,YTA,0.0,0.0,0,964
1619,"AITA for ghosting my friend Background is that we have been friends for almost 20 years, literally since we were in diapers. We’ve been through several formative events together and were inseparable through middle school. 
We fell out of touch for awhile and reconnected a few years ago. However recently it’s really dawned on me that she’s super self centered, as in if I vent about anything she’ll completely ignore it and bring the conversation back to her and her problems. And it’s not like she’s going through a crisis, it’s literally almost always boy problems or her telling me about her most recent hookup. 
I’ve also been in the process of bettering myself (working out, spending less time on social media, eating healthier, etc) and I feel like I’m super productive. I’m not a prude by any means but she smokes a shit ton of weed and that’s something I’ve simply grown out of. It wouldn’t bother me but it does make me feel like we’re on totally different wavelength. 
And the cherry on the cake is her racism. It’s not super “obvious” but she makes little comments about how she could never date a POC or places are “ghetto” when they’re really just not predominately white. Or she’ll cross the street if she sees a black person walking towards her. Which is all bad enough but it’s worse because I’m dating a POC. 

TLDR I have an old friend whom I’m realizing is taking a completely different path in life than me. So am I the asshole for basically ghosting her?","Why won't you just talk to her? If you know that for that long I think you owe her a chance to change her behaviour towards you and others and if she doesn't - at least an explanation of why you don't want to be close friends anymore.  
Edit: forgot to vote - I think if you ghost her without as much as an explanation - YTA.",1,YTA,0.0,0.0,1,792
63,"AITA for making fun of my friends disability that I didn't know about? My friend group loves making fun of eachother in a kinda light hearted way. Everyone's got their thing that's like a running joke. (For example, I just got rejected by my crush, and my friends joke about it)

So there is this girl in the group, let's call her CH. She isn't very good at spelling and she's kinda lazy so I just assumed that she didn't feel like correcting her typos in chat. So I made fun of her spelling a lot because it seemed crazy to write things so incorrectly, and it was funny to me. When I made fun of her for it, she laughed at my jokes so I thought that all was well.
But today I was talking about her spelling with two of my friends. One of them, DE, said while listening to us, ""dude ur an asshole. Your making fun of somebody's disability."" And I instantly felt like shit. I didn't know. She then told me that CH confided in her that, she has a ""spelling disability"" (not sure what it's called properly). I was a little bit sceptical about the truth of it, because CH is known to make up dumb shit to fuck with her friends minds. But I believe it to be true because she provided details and such.

I know what I did was kinda shitty, AITA?

Edit: Turns out DE just made that shit up, and CH really is just too lazy to correct her typos.

Edit 2: I spoke to CH about this and she found it hilarious that DE would come up w/ something like that. And she doesn't mind me joking around w/ her about this.",YTA if she's dyslexic. Might be best to not make fun of people for things they consistently get wrong in case there is a legitimate issue there.,1,YTA,0.0,0.0,0,29
1314,"AITA for telling my nephew Santa isn't real in a game of 20 Questions? Well, the title basically sums it up, but I might as well tell the full story.

My BIL was doing a get-together for his birthday. Eventually, though, everybody started getting drunk, so I was about to leave, before my nephew spotted me and begged me to stay. So, I went in his room where he and my sister were waiting for BIL's friends to all go home. He suggested that we play 20 Questions, that game where someone thinks of a character for you and you have to figure out who it is my asking 20 or less yes-or-no questions. He wanted to go first, so my sister wrote *Santa Claus* on a piece of paper and taped it to his forehead.

The way we played it was that he would ask the questions while my sister and I would take turns answering them. Eventually it got to the question that was obviously going to come up and I was lucky enough to be the one forced to answer it.

""Is he a real person?""

Truth be told, I was actually thinking about how I should answer this from the moment we started the game, since I knew it was almost certainly going to come up. My sister hasn't spent Christmas with us since she got married, so I had no idea if her son knew Santa isn't real yet or not. I remembered how our dad told us the truth about Santa when I was 5/6 and my sister was 6/7 (which I do realise is quite early). I also thought back to how our daughter figured the truth out by herself when she was 7. Ultimately, though, my though process was this: surely my sister wouldn't choose Santa for this game if she expected to read her mind and go along with pretending that he's real. So, without hesitation, I blurted out, ""No."" Perhaps if I waited a bit before answering, my sister would have coughed or something to let me know that she wants me to lie, but alas, the milk was spilled and all I got from her was a disapproving glance.

My nephew soon ran out of questions and his final guess was Mario (he was able to figure out that it's a fictional character who's fat, has facial hair and dresses in a bright colour). Once he realised that it was actually Santa, he immediately pointed out that I said the character wasn't real. My sister tried to tell him that I said it by accident and I tried to go along with it, but eventually her son started crying. She seemed quite pissed and told me that ""I should go"".

On my drive home I started to feel increasingly guilty and today I woke up (quite late) to a bunch of messages from both my sister and BIL calling me an asshole who ruined Christmas for their son. Admittedly, I have no idea what age kids normally find about Santa out at, but 9 still feels like pretty old to still believe and get *that* upset upon finding out the truth. Apparently, though, he made quite a scene about it, both last night and this morning. I, of course, apologised, but BIL still said that I'm not getting invited to any more get-togethers. I'm sure this won't last and we'll all make up soon, but I would like to know if I really am the asshole in this situation or not.",You know based on the title I was gonna go hard YTA but I’ll go soft YTA since you were set up by your sister. You should have let her answer the question.,1,YTA,0.0,0.0,1,628
1923,"WIBTA for asking my parents to pay me back with wheel of cheese? I’m on mobile, my apologies.
Now I shall tell y’all about my situation:

There is this cheese called Epoisse that I’ve been wanting to try for years since my parents talked about tasting it for the first time. I decided to buy a wheel with my own money to share with my family to celebrate the completion of my first year at uni. The wheel was not exactly cheap, as it was $21.99 a pop (note: the wheel was pretty small). I was to leave for Paris for a study abroad later that month, so I wanted to eat the cheese before I left. I had asked them at least five or six times  to eat the cheese with me but they kept putting it off to the point where I ultimately lost the chance to enjoy it with them. I was pretty bummed out because I really wanted to eat the cheese with wine  with them to really have some family time before I left (after all, my parents are the ones who have been urging me to spend time with them). They promised to eat it with my sister, which I settled with, as I did not want the cheese to go to waste. 
I did end up trying the Epoisse in France because it turned out to be cheaper there—IT WAS DELICIOUS!!! 
Fast forward to today (I returned this past Monday), when I discovered the wheel of cheese completely spoiled and untouched in my fridge. Even though it’s just cheese, I honestly felt really upset about it. I bought this cheese for something special and for an opportunity to be together with my family. 

Considering that I paid the cheese with my own money and wanted to eat it with them, only for them to put it off and let it go to waste, I’m considering whether or not it would be reasonable to ask them to buy me a new wheel of cheese as a form of compensation. My sister thinks I’m being petty, since it is just a piece of cheese. So, WIBTA if I asked?

Edit: based on the answers I’ve gotten so far, I think that I am being a dickhead. I think that My sister is right that I am being petty.",I genuinely don't understand why you would think you might be entitled to compensation here. You bought the cheese without talking to your family. They  obviously are not obliged to pay you for not eating cheese you bought of your own accord. YTA.,1,YTA,0.0,0.0,0,944
1190,"AITA Gave my daughter's friend cupcakes? Last week my daughter had a friend over. Her parents are very anti-sugar, and have told me this many times in the past. Today after school my daughter brought her friend over. As an after-school snack I like to sometimes make cupcakes. My daughter took one and enjoyed it very much. I offered some to her friend, and she accepted it. She clearly doesn't ever have sugar, liked them a lot, and ended up eating 6 in one sitting. After we took her home, I got an angry text from her parents saying ""How dare you let her have sugar"" and she isn't allowed at my house in the near future. My daughter got very upset when she heard the news. AITA?

&#x200B;

edit because this looks like it will be a thing: I left the plate of cupcakes on a counter in the kitchen. I did not know how many she ate until after.

&#x200B;

edit 2: They're 13 if that helps","YTA because you let her eat SIX. A little rule bending isn’t a big deal, but six cupcakes is excessive.",1,YTA,0.0,0.0,1,572
1840,"AITA: Whenever I get an unsolicited sales call, I fake an Indian accent. At my office, the phone rings constantly. 85% of the time, it's business related, the other 15% it's calls from The ""IRS"", car warranty extensions, credit cards with lower interest rates, someone ready to fix my lap top.   
Usually these callers have that subcontinental accent. So when I'm feeling froggy, I'll answer, press a key to get to a human, then let 'er rip with the accent. My goal is to keep them on the phone for as long as possible, and reflect their accent with my 'fake' accent and feign interest in whatever it is, like ""Oh no, not my taxes?!?!"" or ""Please help me with my laptop, oh ohhhhhh!"" 

So, is this an AH thing to do? Should I be more respectful?","Oh my, aren't you funny. Let's all applaud how clever you are to fake an accent because often telemarketers have accents. 


YTA",1,YTA,0.0,0.0,0,907
2189,"WIBTA if I don't sign the Mother's Day card? So basically my mother has been cheating on my dad for 2 years (as far as I've known) and I've confronted her about it at least 10 times by now, even presented evidence to her and she always denies it, gives me the silent treatment, and yet continues(bc I overhear her phone calls). I even wrote her a letter telling her that I felt really hurt that she would do this and keep lying to my face about it. She still continued. I told my dad about it just last week because I simply couldnt take it anymore. There was a huge fight, which led to her denying everything AGAIN. She blamed everything on my saying that this was all my fault because I'd been spying on her nonstop (I didn't need to spy to know what was up). My dad said he believed her but he kept watching her call and text history over the course of the next couple days after the argument. (I told him the persons phone number). And they got into a fight the following day, ( my dad asked her who she was texting and she started getting defensive) which led to her giving us the silent treatment as she always does when something doesn't go her way. Now, for some reason my dad has planned a family trip to the beach (has his memory of this whole situation been wiped??) And today he went and bought a mother's day card and asked me and my brother to sign it. Would I be the asshole if I didn't sign it?",Yta. Did you ever think he doesn't care or isn't ready to confront this.   Idk if he wants to move on you kind have to move on.  It's not techniqually your relationship.,1,YTA,0.0,0.0,0,1080
956,"AITA for marking and item as sold and not messaging all the other people that I sold it to someone else? I posted a washer and dryer on the market place for sell. I got about 20 people messaging me about it. One person said he will message me later when hes on the way and I said ok(thats most of them say and never show). Well, about an hour later 1 of the 5 people that said they wanted them showed up at my house, I didn't know they were coming, but anyways they bought it for my asking price and I right way marked it as sold which sends all the people I was talking to a message saying it was sold. The original guy then send me a message about 2 hours later saying this, actually Ill just type our whole conversation below. 

&#x200B;

buyer: Is this still available?

seller: Yes

buyer: are you available after 6pm?

seller: I'm available after 6:45pm

buyer: ok even better i will message u around then to get your address

seller: \*gives address\* (so he knows where I am early)

buyer: ok thx u see u later

seller: \*thumbs up\*

\-3:08pm-

&#x200B;

\-6:50pm-

buyer: Headed your way was running a little behind should be and and the next 30 mins or so

Seller: I sold it, Sorry I marked it as sold on here. I thought it send a message to you.

buyer: wow are you kidding me i have drove all most to newbury i thought sold you was for me. thought we had a agreement

seller: sorry we never agreed for me to hold it for you. Im sorry. I had a lot of people messaging me about it. 

buyer: youre a real piece of work dude

seller: lol ok, I had 5 people out of the 20 saying they were coming but never showed. I dont hold anything and its first come first serve. sorry for the confusion. thats normally how things go when buying/selling on social media unless the parties have a specific agreement in writing. 

buyer: bro youre a little fucken stupid and agreement is an agreement when somebody tells you they will see you later you dont give somebody your dam address if it aint a deal youre about as fucken stupid as a come at least have the decency to message somebody yourself and let them know whats going on. you deftly one of those that i know your word dont mean shit. 

seller: \*thumbs up\*

&#x200B;

The End","YTA

Sounds like you made a deal with him and didn’t let him know you sold it off to someone else. You should’ve had the due diligence to let him know the deals off.",1,YTA,0.0,0.0,1,450
3249,"AITA because I reserved a skydiving day-trip with friends when I have a 5 month old at home? Some friends and I decided that we wanted to go skydiving, something I have never done before. Before booking the reservation, I discussed the outing with my wife who was against it due to the inherent risks involved. I also am a new father with a five month old. My wife feels that I could have gone skydiving at any time before having a new child. She is aware that the risk of accident is low but she asks why even take the risk, especially with her and a newborn that rely on my support. A few points:

&#x200B;

1. It is a tandem skydiving experience a couple hours away.
2. I am going with two friends that also have not gone skydiving before.
3. I will be skipping work but will be home in time to take care of my household responsibilities.
4. My wife is a full-time working mom as well.

&#x200B;

EDIT: My wife is on the fence about letting me go or not. I cannot get life insurance in time for the jump; however, I promised and intend to immediately get life insurance in her name as soon as possible.",YTA. The kid is 5 months old. You have no life insurance. You simply don't need to go skydiving right now. At least get life insurance first.  What if you break a limb and can't help care for your child for a few months after that?,1,YTA,0.0,0.0,0,1609
2609,"AITA for wanting my sister to do the dishes? Me and my sister live together and split some of the household tasks. Basically, we have a deal on cooking, we each have set days that we cook for each other and every time whoever didn't do the cooking, does the dishes. That works pretty well except for the days my sister spends with her gf. She generally arranges it for days when I would be cooking anyway, so I don't miss out. The Only problem is who should do the dishes on those days, I think she should, but she is...not so keen, obviously.

Am I the asshole?

Edit: to clarify on these days I am cooking only for myself while she is at her GF's house

Edit2: Okay! Not gonna bring it up again I promise! Genuinely have seen the light 😁😁","If I understand things well, she's not here on these days, so I don't see why she should wash dishes that she didn't even use in the first place.
So I'd go with a very mild YTA.",1,YTA,0.0,0.0,1,1290
2183,"AITA for telling people about my ex-girlfriend and I's abortion This is a bit of a tough area but i honestly don't know if I'm in the wrong. 

A while ago my girlfriend at the time said she was infertile, so mistake number 1, we didn't use protection most the time. later on she fell pregnant and got an abortion. we both went half on the pay.

Couple months later we broke up, after that everything just went downhill. 

When we broke up i told a few close friends about the abortion. I was angry at her, she was spreading false rumours such as i wanted one of my closest friends and my own brother to die. 

I wanted to use it against her in revenge, however, i didn't go through with it, my anger clouded my judgment and i know doing that would've made me an asshole. fast forward a couple months to a couple days ago, word had gotten back to my ex that people knew. The people i told had spread it and now i don't know who knows.

She wants me to tell everyone that it was a dumb lie made up by me to make her seem like a better person. I was going to do it until my friends and even my own mother said that i shouldn't have to as she tried to slander my name and that abortion was my secret to tell to.

I'm asking this to know if i am the asshole, if i am then i will try and solve the problem, if I'm not then i won't take the hit for her.","YTA - you disclosed details about her medical history that she wanted to keep quiet. That’s so assholey

And unless you are the one who had the operation, it wasn’t *your* abortion. You didn’t have to be prodded and poked. You just had to hand over some cash and go about your life.",1,YTA,0.0,0.0,0,1078
546,"AITA for not wanting to turn the heat up more? So some backstory is I’m a broke college student in a pretty cold part of Washington. When I walk to class in the morning it can be like 15 degrees! But also I’m super broke and pay for everything myself and so do two out of my three roommates. 

We often keep our house at 60 degrees at night time and when none of us are at home. And then  65 to 70 degrees depending on how cold it is outside. 

So one of my roommates has a condition where her blood doesn’t circulate very well which I guess makes it very hard for her to retain heat as well! This is this basis of why she always is cold. She often remarks that our house is cold and that she can’t get warm and the rest roommates agree and say things along the lines of “yeah that’s why I have a heated blanket” or “yeah but heat is expensive”. 

Her frustration came to head last night when she was getting ready to go out for the night and was ignoring all of us. So we all asked her what was wrong until she finally said she is annoying with how cold it is and how she called her mom and her mom said she is very upset with us because we keep it so cold in the house. A roommate and I tried to explain that we can’t afford high utilities because we pay for it ourselves and that she should get a heated blanket or a space heater. She then said those were too expensive and we just need to turn up the heat. We then explained that high utilities are also expensive and that again we cannot afford it.

With a lot more back and forth she finally brought up her blood condition and said since she has that we need to turn the heat up for her. At that point I just said I’m sorry and walked away just not knowing what else to say. 

All day today she has been pretty cold and passive with me and the other roommates. I want to have a roommate meeting but also don’t know what else to say. 

So AITA for not being able to pay high bills and wanting to keep the heat cooler? I genuinely don’t know and feel horrible about the situation but cannot change my finances right now.","YTA. 60 degrees is way too cold to keep a house. At MINIMUM 65, and even that’s still very low. And I live in an area that regularly sees -30°F... I know something about dealing with the cold. 

She’s right— heated blankets and space heaters are expensive, and actually fairly dangerous. They can pretty easily start a fire, especially if they’re accidentally left on, and they often will cost more in electricity use with prolonged use than if you had just turned up the heat. 

There are things you all could research to help a house retain heat and save money on energy. Covering the windows with old blankets or buying a plastic wrap will seal the windows from a draft, helping retain heat. Putting old blankets on the bottom of exterior doors is also a big help. Closing doors to rooms that you don’t use often, and shutting off vents to those rooms will direct more if the air flow to the rooms you are occupying, if you have forced air.  But none of you are actually interested in helping her— you sound like you only really care about the impact to you. 

I also wonder what the real difference in the heat bill would be if you did turn it up... if the difference in cost is like, an extra $20-$30, yeah, you guys are definitely being assholes. Did you research the cost difference before you made up your mind?",1,YTA,0.0,0.0,1,254
254,"AITA for removing a pro brexit page from my grandmothers facebook page and replacing it with a pro EU one so a little back story. along with most of the older generation my grandparents on my mothers side are staunchly pro brexit and my grandmother is a moderately competent Facebook user. she asked me last night to post a photo in a dog related group for her and in so doing I was left with temporary access to her facebook feed... and what I saw was scary. how easy it was for any one page to totally flood their feed. thing is older people don't have much of a reason to follow every tiny thing that interests them.  my grandmothers page is basically just dogs and brexit tbh. the page in question was leave.eu and when I was following (voted for it originally, now against) it'd be maybe one post a day id say, flooded out by everything else I follow, but on my grandmothers feed its literally one in every 5 posts minimum. its scary how efficiently you can totally flood someone like thats feed.

so heres the AITA. whilst my grandmother was out of the room I unfollowed leave.eu on her facebook and instead followed scientists for the eu (she has atleast some respect for the scientific profession so i felt that this, rather than a purely political stance, might go down better.

&#x200B;

the results thus far is that over dinner last night she mentioned to my grandfather and their live in housekeeper that what ever they do this evening they shouldn't browse facebook tonight because its full of anti brexit fear mongering. I'm honestly not sure she'll notice the loss of the leave page from her feed and will just assume the remain page is sponsored and who knows, maybe seeing the otherside might soften her view same as it did mine

TLDR AITA for removing a pro leave facebook page from my grandmothers feed and replacing it with a pro remain one to see what happened?","YTA. You can't interfere with other people's political preferences in the way you have, no matter how strongly you disagree with them.",1,YTA,0.0,0.0,1,124
3867,"WIBTA for wanting to pull out of seeing Frozen II? TL;DR: My friend booked tickets for us to go to the movies but she got us front row seats and now I don’t want to go. She’s got another friend coming so she won’t be alone. 

My friend and I were talking about going to see Frozen last week.  Neither of us have kids, but we enjoy Disney movies and had been to see the last one together so thought we’d go together again. She said she’d look into times and let me know.   

Now I need to mention that my friend and I don’t live close to each other. I live in a big city and she moved out a few years ago, so we take it in turns to do things in each of our neighbourhoods. She drives to me, I take a train to her. Both journeys are about 40 mins each way. 

Anyway so yesterday she told me that she’d also invited a friend and their child to come along. It annoyed me slightly as I don’t know her friend and could do without having a kid tag along, but I figured the place would be packed with kids anyway so didn’t sweat it. She told me a particular time, and I said it was fine so she said she’d book. 

Well today, she messages me saying that she booked and paid for the tickets online, but it was practically sold out so the only tickets she could get together were in the front row. And I am REALLY pissed. I said to her that we could have just gone on another day, but it was a useless comment as she’d already bought the tickets.  I just really wished she’d asked me first, as we go to the movies together a lot and would never sit there. 

WIBTA to cancel? I’ve already paid her for the tickets, as I did tell her to go ahead and book, but it never occurred to me that she’d book such awful seats.  I really don’t feel like 
- spending money on a train ticket and travelling all that way
- Spending additional money on snacks 
- Sitting in a packed movie theatre 
to then have to ALSO sit and get a sore neck from staring up at the screen. I feel like I could have coped with everything else if we had decent seats. 

So I’m thinking of feeling ‘under the weather’ on the day and just do my own thing. She’s got her other friend to go with so it’s not like I’m abandoning her. And she won’t be out of pocket for the money spent. 

WIBTA for pulling out?","NAH

If you paid for the ticket, you're fine. I hate sitting in the front row as well.",1,YTA,0.0,0.0,1,1927
536,"AITA for getting annoyed at me ex for sleeping with another guy? I know title makes me seem controlling but hear me out. 

So me (20M) and my ex Gf (20F) were dating for a year and a half before we mutually ended it because we knew we weren’t right for each other. We stayed as friends and didn’t have any issues. One day we caught up and ended up having some amazing sex and realised that while we weren’t compatible as a couple we still were physically attracted to each other.

So every few weeks at parties or when we caught up we would have a bit of fun. We both are careful not to let emotions get in the way and also to be very respectful of each other. We are both also hooking up with other people but out of mentioned respect we are careful not to tell each other about our sex lives to not complicate things further.

The issue arouse last night when she was send me some ‘fun’ pictures and I noticed some marks on her body, I tried to ignore them but it was bugging me a bit so I asked what they were and she kind of deflected the question which made me feel pretty confident I knew what they were. After some pressing she admitted that they were love bites and sex marks.

Now I didn’t get annoyed that she was sleeping with other people, I am too. I was more annoyed that she kind of showed it off to me. I go to some pretty solid lengths to make 100% sure she doesn’t find out about any thing I do so I felt pretty disrespected that she doesn’t pay me the same courtesy.

I played it off a bit and just reminded her that she should be more careful about keep her sex life private from me. I was expecting a quick apology then we can move on but instead she got defensive saying that I shouldn’t want to see sexy pictures if I wasn’t prepared to see the marks of other guys and that she knows I sleep with other people so it shouldn’t matter that I know. I don’t think that’s fair considering she would definitely be upset if she found “evidence” of me sleeping around due to carelessness on my part.

We were going to catch up this weekend but now I’m not sure anymore, so reddit AITA for being annoyed that my ex slept with a guy and showed me the “aftermath”?  

\*note - I know it sounds unhealthy to keeping sleeping with the ex but it’s honestly fine there’s no emotional abuse or anything from either party - I just want to know if I’m the asshole in this situation.",YTA - you’re not exclusive. She doesn’t owe you an apology and doesn’t need to hide anything from you to protect your feelings.,1,YTA,0.0,0.0,ERROR,251
1220,"WIBTA if I gave my underage godson a lighter and cigarette cover for my godson for christmas This is my moms question, but she asked my to post it, as she does not have reddit, so here we go.

Basically her godson - my nephew- is really started to go down on the wrong path. He's 15 just started Highschool this september. Already got expelled this november for playing with a light in class close to a girls hair. He hasn't really got any punishment for her mom (my aunt, my moms older sister) and she even buys him cigarettes regularly so he 'doesn't smoke the bad and more unhealty kind"".

So my mom decided to gift him a lighter and a cigarette cover (as we have pretty gruel pics on cigarette boxes) as some kind of wake up call, as my aunt will obviously see it.

Would she be the asshole?","YTA. He’ll probably just think it’s cool and edgy and the point will be lost, plus now he’s got another lighter.",1,YTA,0.0,0.0,0,585
3158,"WIBTA If I quit my job but told my dad I got fired? So, I've been working at this convenience store and I hate it. We're severely understaffed, my boss honestly kinda sucks, and I constantly keep getting night shifts that leave me feeling horrible and exsausted. Not to mention, they keep scheduling me just short of the minimum time required for a 30-minute lunch break, so I never really get a chance to eat, since if a shift isn't 6 hours long, we only get one 15 min break. I really want to quit, but I really don't want to disappoint my dad. He was so proud of me for finally getting my first job, and I really don't want to upset or disappoint him by quitting after only being here for about 2 months. But I just can't stand working here anymore. I just feel so awful and drained, and it's just murder on my anxiety. So would I be an asshole if I quit at the begining of my next shift and told him I had been fired?","YTA. Just be honest about it with your dad. I mean, it's not like he's going to grill you for quitting something if you don't like it.",1,YTA,0.0,0.0,1,1568
1698,"WIBTA for making an online friend choose between me and her depressed friend? I am a 23 yo guy and I am a homebody. I play ALOT of video games on the PS4 so much so that I play everyday after work. I dont have alot of social interaction outside of work so I tend to make alot of meaningful connections online through communities and so on. I met this amazing girl over 7 months ago (We'll call her Frost) and we hit it off! We've become the best of friends! We game together everyday after work and have SO much fun.

Recently, Frost introduced a new guy into the mix (we'll call him Buck) that is apparently her old ""best friend"" saying that Buck was going through depression and hard times and she really needed to be there for him. So of course! it wasn't an issue, I invited him to our games everytime he was online. The moment Buck would hop in party chats he would joke that he was depressed and was going to hurt himself. That he had guns loaded and ready to end it all, leaving Frost devastated. He would purposely alienate himself so that she had no choice but to stop playing with others and only join him. It's been very hard to fake a laugh or enjoy ourselves when the moment Buck joins the energy is literally sucked right out

Its gotten so bad that I purposely hide offline so that I won't be invited to their group and have to hear it. This has continued for the past 2 months and I finally have had enough of it. I want to tell her I want nothing to do with Buck and I will no longer talk to her if she continues bringing him around but I'm afraid I'll lose her in the process. WIBTA?","YTA. For two reasons.

1. Strictly based on what you've said, from her perspective, you're going from 0 to I won't talk to you anymore if you don't do what I say. Have you even tried talking about your feelings regarding Buck with her first? An ultimatum is never a good way to start a conversation, certainly not when the person you're talking to hasn't done anything wrong. Even ignoring a moral opinion on it, you're introducing your problem as an attack rather than a conversation, which puts her in a defensive position. And holding your relationship hostage. If it's your backup plan, that's one thing, it shouldn't be your opening move. ""Do X or I'm done with you"" is terrible to hear from someone you care about.

2. Ending a friendship because you don't like their friend is just a dick thing to do period. Saying ""I want nothing to do with Buck."" is fine, you're not obligated to keep toxic people in your life, and you didn't even know him beforehand. But what part of not talking to him means you can't talk to her? It comes across like you just want to monopolize her time, and aren't cool with her spending time with him even if you're not there. This is, again, assuming you haven't talked about it at all with her first, as your post doesn't say you have. Now if you have tried cutting Buck out before, made that clear to her, and she just refuses to respect that and brings him into your chats anyway, it's a different story.",1,YTA,0.0,0.0,1,824
1065,"AITA for telling a coworker I would make a special cheesecake for our crew and she expected to take the whole cake home I am a hobby baker and enjoy the challenge of making desserts and then I bring them to work to unload them where people can cut a slice if they like. I’ve done this many times. If it’s someone’s birthday, or they are retiring I will ask them what flavors they like and then I sometimes will do something within those ranges if I’m in the mood. 

My coworker was going through a rough time. Her dog died and I really sympathized with her and liked her. I told her “I’ll make a cake for you, what do you want? I could do a little cake with a dog bone to honor your pup” she thought that sounded very sweet but she said she’d rather have a peach cheesecake. I said “ok no prob!”

I brought it to work and put it in the fridge for later when I had a break. I told her it was back in the fridge and she said “thanks for doing this for us! You’re a good friend” 

Later I pulled it out of the fridge and let people know it was available, my coworker got really mad and told me that it wasn’t a communal cake, it was for her and her husband and children. She was gonna take it home and “us” referred to her family. She thought I didn’t immediately bring it back because I had set it aside for her. She was sort of peeved and cut a big hunk to take home (which is fine with me) but I think I did something wrong. I didn’t want to upset her when I was clearly trying to make her feel better.  

I realize my words were “make a cake for you” but I thought she understood my modus operandi.",[deleted],1,YTA,0.0,1.0,1,507
1814,"AITA for not appreciating a white elephant gift? So my bfs family (big family) was over yesterday for Christmas Eve shenanigans and they’ve been planing a white elephant. But it wasn’t your typical silly crappy gift white elephant. They wanted to spend about $40 and make it a “nice” gift exchange. 

I was already a little iffy on whether I wanted to participate but my boyfriend insisted. So we went shopping and got lots of different things and made them into gift packs. We spent over the limit but I really don’t care about the cost. 

Well it went down yesterday and I got stolen from twice. It seems like the gifts in general weren’t super well thought out or even really near the $40. I ended up picking again (after steal #2) and got this pretty cool gift. And it gets stolen again on the last turn. And I got a kitchen knife. I have all my own kitchen stuff that I’ve spent money on. I didn’t need another knife but I didn’t complain. It also seemed like everyone got something they were at least mildly interested in (like an expression maker for the coffee sibling and wine and cheese set for the couple that are super into that, etc).

I was a little quiet and upset in the evening but I kept up appearances and hung out and all that. I’m usually quiet so I can’t say it was really out of the norm. Well, this morning my bf asked how last night was and I said something like “It was okay, I don’t really enjoy white elephants though”. He asked why and I explained that I just don’t like the feeling of liking something and having it stolen. And I spent a decent chunk of change on a well received gift just to get something that was not personal, and not needed. I said I was grateful for the gift but I don’t enjoy the game and would’ve preferred a secret Santa or something. He got upset that I wasn’t really about it and said it isn’t about the gift but about the spirit of the holidays. 

So AITA? I feel kind of like an ass but it’s not like I disrespected his brother for the gift. I just didn’t like it and I don’t like the game b/c it makes me feel shitty.",A gentle YTA. Getting gifts stolen and maybe ending up with a gift that’s not your first choice is part of white elephant. You should let the game ruin your entire night and it seems like you’re really stewing over this when really it’s just supposed to be a fun game.,1,YTA,0.0,0.0,0,889
153,"AITA for hosting my daughter’s sweet 16 MY way?  My only child was born around the time of May that Memorial day falls. So, it’s become a tradition for me to host a large family gathering around that time, since the guests are off work. It’s nominally a birthday party. Some guests bring presents sometimes, sometimes not, and we have cake (*we* do, anyway, if my daughter does not eat it, that is her choice). But you could also call this party my yearly family reunion.

The problem is, ever since she was 11 years old, my daughter has been influenced into thinking she’s a vegan. As much as I persuade or sneak things past her, she hasn’t willingly used hide nor hair (ha!) of an animal for almost five years. Not even wool, which is really inconvenient for my shopping considering the fact that she grows like a weed.

Every year, she asks me to change the menu of her/my party to be meat free, milk free, and even egg free. In dramatic teenager fashion, “*I don’t want animals to be killed for my birthday*.” I tell her that she can’t control how other people eat. I’m obviously not going to look cheap to my family by serving them rice and beans. Nor will I be making alternative slop just so “she has something to eat.” There is plenty to eat, and it is gorgeous, she just chooses not to. Last year, she even did make a second cake out of pumpkin or some such. It looked ridiculous and went in the trash as soon as she’d cut a slice to eat with he rest of us. I am an excellent cook, and I like the table to look a certain way, especially when my *darling* sisters-in-law are here to nitpick.

This year, after the usual request to change the menu, my daughter “told” me that she won’t be attending her own birthday party. Instead, she’s going to meet friends at another girl’s house, where they will eat leaves and talk about her “mean mother” I’m sure. Ha! I told her she’s being ridiculous, that she’s not a real vegan anyway since I’ve been cooking the family’s rice in chicken broth for the past five years. (Rice is often the only thing on the dinner table she will eat, since she can’t see the meat.) In typical fashion, she cried and stopped responding.

So now I have a dilemma. I can’t exactly force her to stay and act convincingly happy, although she does know there will be consequences if she doesn’t.

I can let her win this little power struggle and change the menu of the party. This will teach her that If she kicks her heels long enough, she can force other people to bend around her weird demands.

Or I can host the party my way, and have my family awkwardly asking “Where’s the birthday girl?”

I could re-brand the party as a family reunion, but there will be questions, and family has already asked me this year about “her birthday party.”

I can't decide which option makes me look like more of a chump. ","SHP how the fuck is this even real, who writes this unironically? You sound like an evil stepmother caricature. ",1,YTA,0.0,0.0,0,70
3246,"AITA For taking a photo of a girl's butt Happened 30 minutes ago. I went to buy food at a certain fast food restaurant. The location of the fast food place is on a street filled with bars. And it just so happened that a local university was doing a bar hop. There were groups and groups of students all wearing a specific t-shirt of various colors with most of them having stuff written on them with a sharpie. While I was waiting in-line I noticed that there was a girl who, in my opinion, had a pretty funny phrase written on the back right shoulder of her shirt. I thought it was funny and wanted to take a photo of it. Went to pull out my phone, camera froze on a still of her whole body when i wanted to zoom in on her shoulder. Girl behind me accuses me of trying to take a photo of the girl's ass (cause she saw my frozen phone) in front of me and causes a scene. I try to explain myself but damage is already done and I'm accused of sexual harassment. AITA?

&#x200B;

EDIT: You guys are definitely right. I'm the wrong in this. Fucking terrible choice in the heat of the moment, I'm just gonna cringe at myself looking like a creeper for the next few days.

EDIT2: As a clarification though, I never took a photo, I took out my phone, opened the camera app. The app froze for \~10 seconds on the first thing the camera saw, which happened to be the girls backside, and which also happened to be which the girl behind me saw.","YTA

Don't take pictures of strangers without permission, regardless.",1,YTA,0.0,0.0,1,1608
